{
    "UsingIP": 0.014382843641896367,
    "LongURL": 0.007981487063320488,
    "ShortURL": 0.005335155948483599,
    "Symbol@": 0.004951962135798914,
    "Redirecting//": 0.003595181808876175,
    "PrefixSuffix-": 0.03888438631871605,
    "SubDomains": 0.063525227969074,
    "HTTPS": 0.32017560576541526,
    "DomainRegLen": 0.017200479402804034,
    "Favicon": 0.004516919046378049,
    "NonStdPort": 0.002649343296981629,
    "HTTPSDomainURL": 0.0053930918961612746,
    "RequestURL": 0.01948087512708981,
    "AnchorURL": 0.2514595281218909,
    "LinksInScriptTags": 0.04236731502358574,
    "ServerFormHandler": 0.020565914331567358,
    "InfoEmail": 0.005373862189170486,
    "AbnormalURL": 0.0045819772537317,
    "WebsiteForwarding": 0.005660366746349493,
    "StatusBarCust": 0.0031095212114737,
    "DisableRightClick": 0.001361446698224082,
    "UsingPopupWindow": 0.004450046334709798,
    "IframeRedirection": 0.0021931979336806406,
    "AgeofDomain": 0.015768429597449635,
    "DNSRecording": 0.012404514546916944,
    "WebsiteTraffic": 0.07172505668135991,
    "PageRank": 0.012590314743036927,
    "GoogleIndex": 0.013416804192427925,
    "LinksPointingToPage": 0.019759021143967558,
    "StatsReport": 0.005140123829461451
}