{
    "UsingIP": 0.21675794328701234,
    "LongURL": 0.023968045576450697,
    "ShortURL": 0.2667145502908485,
    "Symbol@": 0.1130058238302238,
    "Redirecting//": 0.03646018515455727,
    "PrefixSuffix-": 0.840365575270705,
    "SubDomains": 0.15918225977348113,
    "HTTPS": 0.6283676024757293,
    "DomainRegLen": 0.016971195349492773,
    "Favicon": 0.04032222010043533,
    "NonStdPort": 0.14498793266624913,
    "HTTPSDomainURL": 0.138236085531135,
    "RequestURL": 0.08740580807643449,
    "AnchorURL": 1.0,
    "LinksInScriptTags": 0.19694701185906005,
    "ServerFormHandler": 0.21420556015222836,
    "InfoEmail": 0.13671461108025407,
    "AbnormalURL": 0.04701408634911057,
    "WebsiteForwarding": 0.41578757983325865,
    "StatusBarCust": 0.02049121078470239,
    "DisableRightClick": 0.01983284731691189,
    "UsingPopupWindow": 0.10990854996106574,
    "IframeRedirection": 0.0354389864885395,
    "AgeofDomain": 0.02413137630150157,
    "DNSRecording": 0.1637696500584208,
    "WebsiteTraffic": 0.18118277134845137,
    "PageRank": 0.03863020830223104,
    "GoogleIndex": 0.21379857230759314,
    "LinksPointingToPage": 0.2924746873764901,
    "StatsReport": 0.09847936665762423
}